newID, res
1, 0
2, 0
3, 0
4, 0
5, 0
9, 0
10, 0
13, 0
16, 0
21, 0
27, 0
28, 0
34, 0
36, 0
38, 0
40, 0
46, 0
53, 0
54, 0
55, 0
60, 0
64, 0
66, 0
74, 0
77, 0
89, 0
94, 0
98, 0
105, 0
114, 0
116, 0
117, 0
119, 0
125, 0
126, 0
127, 0
129, 0
130, 0
133, 0
137, 0
143, 0
145, 0
146, 0
148, 0
153, 0
154, 0
158, 0
160, 0
161, 0
164, 0
165, 0
171, 0
186, 0
189, 0
190, 0
197, 0
200, 0
201, 0
202, 0
206, 0
207, 0
213, 0
215, 0
223, 0
224, 0
225, 0
232, 0
235, 0
236, 0
241, 0
242, 0
244, 0
249, 0
250, 0
253, 0
255, 0
260, 0
262, 0
269, 0
271, 0
273, 0
275, 0
277, 0
280, 0
281, 0
284, 0
285, 0
294, 0
301, 0
302, 0
306, 0
310, 0
311, 0
316, 0
317, 0
320, 0
327, 0
329, 0
335, 0
337, 0
338, 0
341, 0
345, 0
352, 0
357, 0
362, 0
364, 0
374, 0
375, 0
379, 0
384, 0
385, 0
388, 0
390, 0
391, 0
394, 0
395, 0
400, 0
403, 0
404, 0
409, 0
412, 0
417, 0
419, 0
427, 0
431, 0
441, 0
454, 0
455, 0
458, 0
466, 0
467, 0
470, 0
474, 0
477, 0
481, 0
488, 0
492, 0
499, 0
502, 0
504, 0
510, 0
512, 0
513, 0
514, 0
515, 0
519, 0
520, 0
523, 0
524, 0
525, 0
526, 0
529, 0
536, 0
537, 0
539, 0
545, 0
552, 0
556, 0
559, 0
562, 0
563, 0
569, 0
571, 0
574, 0
575, 0
580, 0
583, 0
588, 0
590, 0
591, 0
595, 0
600, 0
603, 0
606, 0
608, 0
609, 0
614, 0
616, 0
619, 0
623, 0
628, 0
629, 0
634, 0
635, 0
638, 0
645, 0
646, 0
659, 0
661, 0
663, 0
666, 0
667, 0
671, 0
673, 0
675, 0
686, 0
688, 0
692, 0
698, 0
699, 0
704, 0
709, 0
713, 0
715, 0
716, 0
717, 0
722, 0
723, 0
726, 0
728, 0
732, 0
738, 0
740, 0
749, 0
750, 0
753, 0
754, 0
760, 0
762, 0
766, 0
768, 0
769, 0
770, 0
774, 0
775, 0
778, 0
784, 0
791, 0
792, 0
793, 0
795, 0
797, 0
804, 0
806, 0
813, 0
814, 0
815, 0
822, 0
823, 0
824, 0
825, 0
826, 0
827, 0
830, 0
832, 0
846, 0
849, 0
851, 0
853, 0
854, 0
860, 0
863, 0
870, 0
872, 0
876, 0
878, 0
884, 0
885, 0
886, 0
892, 0
894, 0
895, 0
899, 0
901, 0
902, 0
906, 0
913, 0
914, 0
917, 0
918, 0
919, 0
920, 0
922, 0
924, 0
928, 0
933, 0
934, 0
935, 0
936, 0
938, 0
939, 0
943, 0
946, 0
950, 0
951, 0
953, 0
954, 0
955, 0
956, 0
959, 0
963, 0
966, 0
968, 0
971, 0
974, 0
975, 0
980, 0
983, 0
984, 0
987, 0
988, 0
989, 0
991, 0
992, 0
995, 0
1007, 0
1008, 0
1012, 0
1015, 0
1016, 0
1021, 0
1028, 0
1035, 0
1040, 0
1043, 0
1045, 0
1050, 0
1058, 0
1059, 0
1060, 0
1062, 0
1063, 0
1065, 0
1066, 0
1069, 0
1076, 0
1077, 0
1081, 0
1082, 0
1098, 0
1107, 0
1118, 0
1120, 0
1122, 0
1131, 0
1136, 0
1139, 0
1141, 0
1145, 0
1147, 0
1148, 0
1150, 0
1154, 0
1155, 0
1156, 0
1160, 0
1165, 0
1166, 0
1167, 0
1169, 0
1182, 0
1184, 0
1191, 0
1202, 0
1205, 0
1214, 0
1217, 0
1218, 0
1229, 0
1239, 0
1240, 0
1243, 0
1245, 0
1247, 0
1248, 0
1250, 0
1252, 0
1254, 0
1256, 0
1262, 0
1265, 0
1266, 0
1267, 0
1269, 0
1273, 0
1274, 0
1275, 0
1276, 0
1279, 0
1280, 0
1282, 0
1285, 0
1290, 0
1291, 0
1296, 0
1300, 0
1301, 0
1304, 0
1306, 0
1307, 0
1308, 0
1311, 0
1312, 0
1314, 0
1316, 0
1318, 0
1324, 0
1329, 0
1331, 0
1332, 0
1333, 0
1341, 0
1342, 0
1348, 0
1353, 0
1355, 0
1358, 0
1363, 0
1365, 0
1369, 0
1380, 0
1384, 0
1386, 0
1387, 0
1388, 0
1389, 0
1390, 0
1394, 0
1396, 0
1409, 0
1418, 0
1435, 0
1439, 0
1441, 0
1445, 0
1453, 0
1458, 0
1460, 0
1463, 0
1466, 0
1470, 0
1478, 0
1481, 0
1484, 0
1493, 0
1495, 0
1500, 0
1516, 0
1521, 0
1524, 0
1525, 0
1527, 0
1528, 0
1529, 0
1531, 0
1540, 0
1542, 0
1547, 0
1555, 0
1560, 0
1567, 0
1568, 0
1570, 0
1571, 0
1573, 0
1574, 0
1576, 0
1579, 0
1581, 0
1585, 0
1591, 0
1596, 0
1597, 0
1603, 0
1604, 0
1605, 0
1607, 0
1619, 0
1622, 0
1625, 0
1631, 0
1633, 0
1635, 0
1636, 0
1639, 0
1640, 0
1645, 0
1646, 0
1648, 0
1651, 1
1660, 1
1666, 1
1672, 1
1674, 1
1676, 0
1679, 0
1683, 1
1692, 0
1702, 0
1707, 1
1718, 1
1722, 0
1728, 1
1729, 0
1730, 1
1731, 1
1732, 1
1734, 1
1739, 1
1740, 1
1743, 1
1747, 1
1750, 1
1752, 1
1753, 1
1757, 1
1763, 1
1767, 0
1769, 1
1777, 1
1781, 1
1784, 1
1795, 1
1797, 1
1799, 1
1803, 1
1813, 1
1815, 1
1816, 1
1818, 1
1819, 1
1823, 1
1824, 1
1826, 1
1829, 1
1833, 0
1834, 1
1836, 1
1837, 1
1838, 1
1840, 1
1846, 1
1848, 1
1852, 0
1857, 1
1858, 1
1861, 0
1862, 1
1863, 1
1864, 1
1868, 1
1869, 1
1870, 1
1881, 0
1884, 1
1887, 1
1888, 1
1891, 1
1894, 1
1895, 1
1897, 0
1902, 1
1908, 1
1909, 1
1912, 1
1917, 1
1923, 1
1926, 1
1929, 1
1930, 1
1933, 0
1934, 0
1936, 1
1937, 1
1938, 1
1939, 1
1942, 1
1943, 1
1944, 1
1949, 1
1950, 1
1953, 0
1954, 1
1955, 1
1961, 1
1962, 1
1966, 1
1969, 1
1970, 1
1971, 1
1972, 1
1974, 1
1975, 1
1979, 1
1988, 1
1989, 1
1991, 1
1999, 1
2001, 1
2005, 1
2006, 1
2013, 1
2024, 1
2026, 1
2029, 1
2032, 0
2038, 0
2039, 1
2040, 1
2042, 1
2043, 1
2044, 1
2050, 0
2051, 0
2053, 1
2056, 1
2058, 1
2063, 1
2070, 0
2071, 1
2073, 1
2077, 0
2078, 1
2084, 1
2087, 1
2091, 0
2092, 0
2098, 1
2099, 1
2101, 1
2107, 1
2108, 1
2109, 1
2115, 1
2119, 1
2121, 1
2123, 1
2125, 1
2126, 1
2128, 1
2131, 0
2132, 1
2136, 1
2137, 1
2145, 0
2147, 1
2152, 1
2156, 1
2162, 1
2165, 1
2167, 0
2169, 1
2172, 1
2174, 1
2175, 1
2192, 0
2198, 0
2199, 1
2203, 1
2214, 1
2215, 1
2217, 1
2219, 1
2227, 1
2228, 1
2229, 1
2232, 1
2238, 1
2241, 1
2243, 0
2251, 1
2253, 1
2256, 1
2264, 1
2265, 1
2266, 0
2273, 1
2274, 1
2275, 1
2277, 0
2284, 1
2291, 1
2293, 1
2296, 1
2297, 1
2300, 1
2303, 1
2305, 0
2307, 1
2309, 0
2311, 1
2312, 1
2316, 1
2317, 1
2321, 1
2322, 1
2323, 0
2326, 0
2327, 1
2335, 1
2337, 0
2338, 1
2341, 1
2342, 1
2346, 1
2353, 1
2355, 0
2362, 1
2363, 1
2366, 1
2367, 1
2368, 1
2369, 1
2370, 1
2372, 1
2373, 1
2377, 1
2378, 1
2383, 1
2385, 1
2389, 1
2396, 1
2398, 0
2399, 1
2401, 1
2402, 1
2403, 1
2408, 1
2409, 1
2416, 1
2418, 1
2419, 1
2427, 1
2428, 1
2433, 1
2434, 1
2438, 1
2442, 1
2448, 0
2450, 1
2453, 1
2454, 1
2455, 1
2458, 1
2462, 1
2464, 1
2468, 1
2474, 1
2482, 1
2486, 1
2489, 1
2490, 1
2499, 1
2506, 1
2507, 1
2509, 1
2513, 1
2514, 1
2516, 1
2522, 1
2523, 1
2524, 1
2531, 0
2534, 1
2536, 1
2537, 1
2541, 1
2542, 1
2547, 1
2548, 1
2554, 0
2562, 1
2563, 1
2565, 0
2569, 1
2572, 1
2580, 1
2583, 1
2587, 0
2588, 1
2589, 1
2594, 1
2595, 0
2596, 1
2600, 1
2603, 1
2606, 1
2608, 1
2623, 1
2624, 1
2625, 1
2627, 1
2628, 1
2630, 1
2632, 0
2640, 1
2642, 1
2644, 0
2646, 1
2648, 1
2650, 1
2655, 1
2666, 0
2667, 1
2671, 1
2678, 1
2679, 1
2683, 1
2686, 1
2687, 0
2691, 1
2694, 1
2699, 1
2701, 1
2704, 1
2706, 1
2709, 1
2713, 1
2716, 1
2721, 1
2724, 1
2725, 1
2728, 1
2731, 1
2737, 1
2740, 1
2742, 1
2744, 1
2749, 1
2754, 1
2762, 0
2764, 1
2767, 0
2771, 1
2776, 1
2779, 1
2781, 1
2784, 1
2785, 1
2787, 1
2788, 1
2789, 0
2790, 1
2795, 1
2799, 1
2804, 1
2808, 0
2813, 1
2821, 1
2822, 1
2824, 1
2827, 1
2828, 1
2829, 0
2831, 1
2833, 1
2835, 1
2837, 0
2849, 1
2852, 1
2854, 1
2855, 1
2856, 1
2857, 0
2859, 1
2860, 0
2862, 1
2867, 1
2872, 0
2874, 1
2884, 1
2886, 1
2892, 1
2907, 1
2908, 0
2909, 0
2913, 1
2915, 1
2916, 1
2917, 0
2919, 0
2921, 1
2923, 1
2925, 0
2926, 1
2928, 1
2929, 1
2931, 1
2934, 0
2938, 0
2940, 1
2941, 0
2942, 1
2946, 1
2949, 1
2951, 1
2953, 0
2961, 1
2964, 1
2966, 1
2968, 1
2971, 1
2974, 1
2977, 1
2978, 1
2982, 0
2986, 1
2992, 1
2994, 0
2998, 1
2999, 1
3004, 1
3007, 0
3010, 1
3019, 1
3021, 1
3025, 0
3028, 0
3031, 1
3032, 1
3033, 1
3037, 0
3038, 1
3040, 1
3042, 1
3051, 1
3058, 1
3060, 1
3061, 0
3064, 1
3065, 1
3069, 1
3070, 1
3071, 0
3072, 1
3075, 1
3079, 0
3088, 1
3097, 0
3099, 1
3100, 1
3101, 1
3102, 1
3103, 1
3104, 1
3108, 0
3109, 1
3110, 0
3111, 1
3112, 1
3113, 0
3114, 1
3116, 1
3121, 1
3122, 1
3124, 0
3125, 1
3126, 1
3127, 1
3129, 1
3131, 0
3138, 1
3142, 1
3146, 1
3153, 1
3155, 0
3157, 1
3158, 1
3162, 0
3163, 1
3164, 1
3165, 0
3167, 1
3174, 1
3176, 1
3178, 1
3183, 1
3186, 0
3187, 1
3189, 1
3192, 1
3196, 0
3197, 1
3206, 1
3207, 1
3213, 1
3216, 0
3217, 0
3222, 1
3226, 1
3229, 1
3231, 1
3239, 1
3241, 1
3242, 1
3247, 1
3250, 1
3251, 1
3252, 1
3258, 1
3264, 1
3268, 1
3291, 1
3296, 1
3303, 1
3305, 1
3312, 1
3316, 1
3319, 1
3320, 1
3321, 1
3324, 1
3325, 1
3326, 1
3329, 1
3330, 1
3332, 1
3333, 1
3339, 1
3342, 1
3343, 1
3345, 0
3346, 0
3349, 1
3351, 1
3352, 1
3354, 1
3357, 0
3358, 0
3367, 0
3368, 1
3371, 1
3372, 1
3374, 0
3375, 0
3380, 1
3381, 1
3382, 0
3385, 1
3387, 0
3397, 1
3398, 0
3399, 0
3402, 1
3403, 1
3404, 1
3405, 0
3406, 1
3407, 1
3408, 0
3409, 0
3416, 0
3418, 1
3420, 1
3429, 1
3430, 1
3433, 1
3434, 1
3435, 1
3437, 0
3441, 0
3442, 1
3445, 1
3446, 1
3452, 1
3454, 1
3455, 1
3456, 1
3457, 1
3459, 1
3465, 1
3468, 1
3476, 0
3478, 1
3481, 1
3482, 1
3484, 1
3489, 1
3490, 1
3494, 0
3495, 1
3500, 1
3503, 1
3504, 1
3509, 1
3514, 1
3516, 1
3521, 0
3525, 1
3527, 1
3530, 1
3535, 1
3539, 1
3541, 1
3542, 1
3545, 1
3548, 1
3549, 1
3550, 1
3552, 0
3553, 1
3555, 1
3557, 1
3560, 0
3564, 0
3567, 1
3574, 1
3579, 0
3583, 1
3598, 1
3601, 0
3604, 1
3607, 1
3614, 1
3615, 0
3626, 0
3627, 1
3630, 1
3632, 1
3634, 1
3635, 0
3641, 1
3646, 1
3647, 1
3652, 1
3655, 0
3656, 1
3659, 0
3661, 1
3662, 1
3663, 1
3666, 1
3668, 0
3669, 1
3672, 1
3675, 1
3676, 0
3677, 1
3678, 1
3680, 1
3681, 1
3682, 0
3684, 1
3691, 1
3697, 1
3702, 1
3705, 1
3710, 1
3714, 1
3722, 1
3727, 0
3728, 1
3731, 0
3732, 1
3734, 1
3736, 1
3738, 1
3748, 1
3753, 1
3755, 1
3758, 1
3762, 0
3767, 1
3769, 0
3772, 0
3777, 1
3783, 0
3784, 0
3789, 0
3794, 1
3799, 1
3805, 1
3806, 1
3808, 0
3816, 1
3823, 0
3827, 1
3829, 1
3831, 1
3832, 1
3834, 1
3838, 1
3839, 1
3840, 0
3845, 1
3846, 1
3847, 1
3850, 1
3854, 1
3860, 1
3873, 1
3875, 1
3878, 1
3884, 1
3891, 0
3892, 1
3902, 1
3918, 1
3925, 1
3930, 1
3936, 1
3937, 1
3938, 1
3939, 1
3945, 1
3953, 1
3957, 1
3960, 1
3963, 1
3964, 1
3968, 0
3970, 1
3972, 0
3974, 1
3975, 1
3977, 1
3981, 0
3984, 1
3985, 0
3986, 1
3987, 1
3995, 1
3996, 1
3997, 1
4001, 0
4011, 1
4012, 1
4013, 0
4017, 1
4018, 1
4020, 1
4025, 1
4027, 1
4028, 1
4031, 0
4041, 1
4047, 1
4051, 1
4053, 0
4058, 1
4063, 1
4064, 1
4065, 1
4066, 1
4074, 0
4082, 1
4084, 1
4090, 0
4095, 1
4096, 0
4099, 0
4100, 1
4103, 1
4105, 1
4114, 1
4124, 1
4128, 1
4129, 1
4138, 1
4144, 1
4147, 1
4148, 1
4149, 1
4151, 1
4153, 1
4156, 1
4160, 1
4161, 1
4163, 1
4167, 0
4169, 1
4173, 1
4174, 1
4175, 1
4181, 1
4186, 1
4191, 1
4198, 0
4199, 1
4203, 0
4205, 1
4214, 1
4216, 1
4221, 1
4225, 1
4231, 0
4243, 1
4244, 1
4247, 1
4248, 1
4249, 1
4253, 1
4255, 1
4256, 0
4259, 1
4260, 1
4261, 1
4262, 1
4264, 1
4268, 1
4269, 1
4275, 1
4276, 1
4281, 1
4285, 1
4291, 0
4294, 0
4297, 1
4304, 1
4306, 0
4307, 1
4315, 1
4317, 1
4319, 0
4321, 1
4323, 1
4324, 1
4329, 1
4333, 1
4339, 1
4349, 1
4351, 1
4352, 1
4354, 1
4355, 0
4360, 1
4364, 1
4365, 1
4369, 0
4371, 1
4374, 1
4375, 1
4377, 1
4383, 1
4384, 0
4386, 1
4391, 1
4398, 1
4402, 0
4406, 1
4417, 1
4420, 1
4422, 1
4423, 1
4425, 1
4430, 1
4431, 0
4445, 1
4448, 1
4449, 1
4452, 1
4461, 1
4469, 1
4472, 1
4474, 0
4475, 1
4479, 1
4481, 1
4482, 0
4485, 1
4487, 1
4490, 1
4496, 1
4497, 1
4500, 1
4502, 1
4503, 1
4510, 1
4512, 1
4513, 1
4518, 1
4521, 0
4529, 1
4533, 1
4534, 1
4538, 1
4541, 0
4544, 1
4545, 0
4546, 1
4549, 1
4550, 0
4558, 1
4561, 1
4563, 1
4564, 1
4571, 1
4573, 1
4580, 0
4583, 1
4584, 1
4586, 1
4588, 1
4589, 1
4594, 0
4599, 1
4601, 0
4602, 1
4604, 1
4605, 1
4606, 1
4609, 1
4612, 1
4616, 1
4617, 1
4619, 1
4620, 1
4627, 1
4629, 1
4639, 1
4645, 1
4648, 0
4649, 1
4650, 1
4653, 1
4655, 1
4658, 1
4665, 1
4668, 1
4670, 0
4681, 1
4682, 1
4685, 1
4692, 1
4694, 1
4695, 1
4697, 1
4700, 0
4707, 1
4710, 1
4720, 1
4721, 0
4727, 1
4731, 1
4739, 0
4744, 1
4747, 1
4749, 1
4750, 1
4751, 0
4753, 0
4756, 1
4768, 1
4773, 1
4774, 1
4778, 1
4780, 1
4782, 1
4783, 0
4785, 0
4786, 1
4799, 1
4803, 1
4808, 1
4811, 1
4812, 1
4821, 1
4824, 0
4825, 0
4826, 0
4828, 1
4829, 0
4835, 1
4838, 1
4842, 1
4843, 1
4845, 1
4847, 1
4848, 1
4854, 1
4861, 1
4864, 1
4875, 0
4877, 1
4884, 0
4885, 0
4891, 1
4899, 1
4901, 1
4912, 0
4914, 1
4918, 1
4921, 0
4922, 1
4927, 1
4928, 1
4931, 1
4932, 1
4933, 1
4934, 1
4936, 1
4938, 0
4945, 0
4946, 1
4953, 1
4956, 1
4959, 1
4961, 1
4969, 1
4971, 1
4973, 1
4974, 1
4976, 1
4982, 1
4986, 0
4988, 1
4989, 1
4991, 1
4996, 1
4999, 0
5002, 1
5003, 1
5004, 1
5005, 0
5006, 1
5007, 1
5011, 1
5019, 0
5020, 1
5021, 1
5023, 1
5024, 1
5031, 1
5032, 0
5034, 1
5035, 1
5040, 1
5041, 1
5042, 0
5043, 1
5045, 0
5046, 1
5049, 1
5051, 1
5053, 1
5063, 1
5066, 0
5077, 1
5078, 0
5084, 1
5086, 1
5087, 0
5094, 0
5095, 1
5097, 1
5103, 1
5105, 0
5109, 1
5118, 1
5122, 1
5123, 1
5125, 1
5128, 0
5129, 0
5134, 1
5136, 1
5139, 1
5143, 1
5144, 1
5154, 1
5156, 1
5157, 0
5158, 1
5162, 1
5165, 1
5170, 0
5174, 1
5179, 0
5181, 1
5182, 1
5185, 1
5188, 1
5189, 1
5190, 0
5191, 0
5198, 1
5201, 1
5203, 1
5205, 1
5206, 1
5207, 1
5210, 1
5212, 0
5213, 1
5214, 1
5217, 1
5218, 1
5219, 0
5220, 1
5222, 1
5226, 1
5227, 1
5230, 1
5232, 1
5233, 1
5234, 1
5236, 1
5240, 1
5245, 1
5248, 0
5250, 1
5256, 1
5257, 0
5263, 1
5267, 1
5268, 1
5273, 1
5275, 1
5276, 1
5277, 1
5278, 1
5282, 1
5283, 1
5284, 1
5288, 1
5289, 0
5292, 0
5293, 0
5294, 1
5297, 1
5300, 1
5303, 1
5304, 0
5305, 1
5314, 1
5316, 0
5319, 0
5322, 1
5324, 1
5325, 0
5332, 1
5334, 1
5345, 1
5346, 0
5352, 1
5354, 1
5356, 1
5358, 1
5361, 0
5363, 1
5366, 1
5367, 1
5377, 1
5385, 0
5386, 0
5390, 0
5395, 1
5397, 0
5402, 1
5403, 1
5405, 1
5410, 1
5413, 1
5415, 1
5420, 1
5421, 1
5423, 1
5425, 1
5427, 1
5429, 0
5430, 0
5437, 1
5440, 1
5443, 1
5444, 0
5454, 1
5458, 1
5459, 0
5460, 1
5464, 1
5465, 1
5469, 1
5472, 1
5473, 1
5481, 1
5482, 1
5483, 1
5486, 1
5491, 1
5494, 1
5496, 0
5497, 0
5498, 1
5499, 1
5501, 1
5502, 1
5504, 1
5506, 0
5507, 1
5513, 1
5521, 0
5530, 1
5532, 1
5533, 1
5538, 0
5555, 0
5558, 0
5560, 0
5562, 0
5564, 0
5569, 0
5577, 0
5578, 0
5581, 0
5586, 0
5589, 0
5590, 0
5591, 0
5597, 0
5600, 0
5604, 0
5610, 0
5622, 0
5625, 0
5632, 0
5639, 0
5640, 0
5644, 0
5646, 0
5647, 0
5655, 0
5658, 0
5660, 0
5669, 1
5672, 1
5675, 1
5676, 1
5681, 1
5682, 1
5695, 1
5696, 1
5699, 1
5702, 1
5704, 1
5705, 1
5706, 0
5712, 1
5716, 1
5718, 1
5720, 1
5723, 1
5726, 0
5729, 1
5731, 1
5735, 1
5737, 1
5739, 1
5741, 0
5742, 1
5746, 1
5747, 1
5754, 1
5759, 1
5760, 1
5762, 1
5764, 1
5771, 1
5772, 1
5777, 0
5779, 1
5781, 1
5783, 1
5784, 1
5785, 1
5786, 1
5787, 0
5788, 0
5789, 1
5790, 0
5791, 1
5793, 1
5796, 1
5798, 1
5803, 1
5805, 0
5814, 1
5815, 0
5818, 1
5819, 1
5821, 1
5828, 1
5829, 1
5831, 1
5833, 1
5834, 1
5838, 1
5840, 1
5848, 1
5849, 1
5854, 1
5861, 1
5867, 1
5873, 1
5874, 1
5878, 1
5883, 1
5884, 1
5885, 1
5886, 1
5889, 1
5891, 1
5893, 1
5900, 1
5901, 1
5906, 1
5908, 1
5910, 1
5913, 1
5917, 1
5918, 1
5919, 1
5921, 1
5922, 1
5924, 1
5927, 0
5928, 1
5929, 1
5931, 1
5935, 1
5941, 1
5943, 1
5945, 1
5946, 1
5951, 0
5954, 1
5956, 1
5959, 1
5960, 1
5964, 1
5969, 1
5970, 1
5972, 0
5974, 1
5976, 0
5980, 1
5986, 1
5991, 0
5993, 1
5996, 1
6005, 0
6008, 1
6010, 1
6012, 0
6013, 1
6015, 1
6021, 1
6023, 1
6026, 0
6028, 1
6029, 1
6031, 1
6034, 1
6038, 1
6042, 1
6044, 0
6048, 1
6049, 1
6050, 1
6053, 0
6063, 1
6071, 1
6077, 1
6078, 1
6083, 1
6086, 1
6090, 1
6092, 1
6100, 1
6102, 1
6108, 1
6113, 1
6116, 1
6117, 1
6125, 1
6126, 1
6130, 1
6131, 1
6134, 1
6139, 1
6145, 1
6150, 1
6151, 1
6152, 1
6153, 1
6154, 1
6155, 1
6157, 1
6166, 1
6168, 1
6184, 1
6186, 1
6187, 1
6189, 1
6190, 1
6195, 0
6203, 1
6205, 1
6206, 1
6207, 1
6209, 1
6212, 1
6219, 1
6222, 1
6224, 1
6225, 1
6226, 1
6228, 1
6229, 1
6232, 1
6233, 0
6236, 1
6239, 1
6241, 1
6242, 1
6254, 1
6258, 1
6263, 0
6266, 1
6269, 1
6275, 1
6279, 1
6282, 1
6284, 1
6285, 1
6290, 0
6292, 1
6293, 0
6297, 1
6307, 1
6308, 1
6311, 1
6313, 1
6314, 1
6315, 1
6318, 1
6334, 1
6343, 1
6350, 1
6351, 0
6353, 1
6354, 0
6356, 1
6361, 1
6366, 1
6374, 1
6375, 1
6376, 1
6380, 1
6384, 1
6390, 1
6394, 1
6396, 1
6397, 0
6399, 1
6419, 1
6421, 1
6422, 1
6424, 1
6428, 1
6429, 1
6434, 1
6437, 1
6443, 0
6447, 1
6449, 1
6451, 1
6455, 1
6460, 1
6461, 1
6462, 1
6464, 1
6471, 1
6473, 1
6481, 1
6482, 1
6490, 1
6492, 1
6501, 1
6503, 1
6513, 0
6515, 1
6520, 1
6521, 0
6527, 1
6531, 1
6536, 1
6538, 1
6539, 1
6540, 1
6543, 1
6550, 1
6553, 1
6554, 0
6556, 1
6559, 1
6560, 1
6564, 1
6567, 1
6572, 0
6573, 0
6583, 1
6585, 1
6587, 1
6588, 1
6591, 1
6592, 1
6594, 1
6595, 1
6598, 0
6599, 1
6600, 1
6604, 1
6606, 1
6607, 1
6609, 0
6610, 1
6611, 0
6615, 1
6616, 0
6620, 1
6624, 1
6632, 0
6636, 1
6637, 1
6643, 1
6653, 1
6657, 1
6660, 1
6664, 0
6668, 0
6672, 1
6675, 1
6677, 1
6679, 1
6681, 1
6683, 1
6689, 1
6695, 0
6697, 1
6698, 1
6707, 1
6709, 1
6713, 1
6715, 1
6716, 1
6718, 0
6721, 1
6722, 1
6723, 1
6724, 1
6725, 1
6732, 1
6734, 1
6738, 1
6739, 1
6742, 1
6743, 1
6746, 1
6750, 1
6752, 1
6753, 1
6756, 0
6758, 1
6759, 1
6762, 0
6766, 0
6768, 1
6772, 1
6774, 1
6775, 1
6788, 1
6789, 1
6796, 1
6799, 1
6800, 1
6801, 0
6803, 1
6808, 1
6809, 1
6810, 0
6814, 1
6817, 1
6818, 1
6825, 1
6826, 0
6827, 1
6835, 1
6844, 0
6854, 1
6855, 1
6856, 1
6857, 1
6860, 1
6864, 1
6865, 1
6873, 1
6874, 1
6875, 1
6876, 1
6880, 1
6881, 1
6886, 1
6893, 1
6899, 1
6901, 1
6905, 1
6908, 1
6909, 0
6911, 1
6917, 1
6918, 1
6920, 1
6932, 1
6933, 1
6941, 1
6944, 1
6945, 1
6948, 1
6956, 1
6960, 1
6961, 0
6962, 1
6963, 0
6964, 1
6965, 1
6966, 1
6969, 1
6976, 1
6978, 1
6982, 1
6985, 1
6991, 1
6995, 1
6997, 1
7000, 0
7003, 1
7004, 1
7005, 1
7012, 1
7016, 1
7017, 1
7020, 1
7025, 1
7030, 1
7032, 1
7039, 1
7040, 0
7041, 1
7042, 1
7044, 1
7045, 0
7049, 1
7054, 1
7060, 0
7063, 1
7065, 1
7069, 1
7072, 1
7081, 1
7090, 1
7091, 1
7093, 1
7100, 1
7101, 1
7106, 1
7108, 1
7110, 1
7111, 1
7117, 1
7122, 1
7124, 1
7125, 1
7129, 1
7131, 1
7132, 1
7138, 1
7140, 1
7145, 1
7152, 1
7156, 1
7161, 1
7168, 1
7171, 1
7172, 1
7178, 1
7179, 1
7185, 1
7192, 1
7193, 1
7197, 1
7201, 1
7202, 1
7204, 1
7206, 1
7208, 1
7215, 1
7219, 1
7222, 1
7225, 1
7226, 1
7228, 1
7230, 1
7236, 1
7237, 1
7238, 1
7241, 1
7243, 1
7247, 1
7248, 1
7250, 1
7251, 1
7253, 1
7255, 0
7259, 1
7264, 1
7265, 1
7269, 1
7274, 1
7277, 0
7283, 1
7284, 1
7285, 1
7289, 1
7290, 0
7302, 1
7303, 0
7305, 1
7307, 1
7309, 1
7312, 1
7317, 1
7318, 1
7321, 0
7323, 1
7324, 1
7334, 1
7335, 1
7337, 1
7338, 1
7343, 1
7344, 1
7347, 1
7351, 1
7352, 0
7356, 1
7357, 1
7359, 1
7361, 1
7366, 1
7367, 1
7374, 1
7379, 1
7383, 1
7385, 1
7388, 1
7389, 1
7391, 1
7392, 0
7396, 1
7398, 1
7399, 1
7400, 1
7402, 1
7406, 1
7407, 1
7419, 1
7423, 1
7431, 1
7434, 1
7442, 1
7445, 1
7448, 1
7453, 1
7454, 1
7456, 0
7457, 1
7458, 0
7459, 1
7460, 0
7462, 1
7466, 1
7470, 1
7473, 1
7475, 1
7476, 1
7481, 1
7491, 0
7495, 1
7497, 0
7504, 1
7506, 0
7508, 0
7509, 1
7512, 1
7522, 1
7523, 0
7528, 1
7530, 1
7535, 1
7536, 1
7538, 1
7541, 0
7542, 1
7543, 0
7544, 1
7550, 1
7571, 1
7578, 1
7585, 1
7589, 1
7592, 1
7594, 1
7599, 1
7601, 1
7607, 1
7609, 1
7610, 1
7614, 1
7616, 1
7622, 1
7629, 0
7630, 1
7631, 0
7633, 1
7635, 1
7648, 1
7651, 1
7652, 1
7655, 1
7658, 1
7660, 0
7664, 1
7666, 1
7667, 1
7673, 1
7676, 1
7679, 1
7680, 0
7684, 1
7687, 1
7692, 1
7695, 1
7699, 1
7701, 1
7702, 0
7703, 1
7705, 0
7716, 0
7717, 1
7718, 1
7723, 1
7725, 1
7726, 1
7729, 1
7731, 1
7732, 1
7733, 1
7735, 1
7738, 0
7741, 1
7744, 1
7746, 0
7748, 1
7752, 1
7756, 1
7758, 1
7760, 1
7764, 1
7775, 0
7776, 1
7778, 1
7780, 0
7781, 1
7782, 1
7783, 1
7788, 1
7789, 1
7790, 1
7791, 1
7792, 1
7793, 1
7796, 1
7800, 1
7805, 0
7806, 1
7807, 1
7813, 1
7814, 1
7819, 1
7823, 1
7825, 0
7828, 0
7830, 0
7832, 1
7840, 1
7841, 1
7845, 1
7847, 1
7851, 1
7852, 1
7855, 1
7857, 1
7858, 1
7863, 1
7865, 1
7866, 0
7868, 0
7874, 1
7877, 1
7880, 1
7882, 1
7885, 1
7889, 1
7891, 1
7893, 1
7894, 1
7896, 1
7898, 0
7899, 1
7903, 1
7904, 1
7907, 0
7916, 1
7923, 0
7924, 0
7930, 1
7932, 1
7936, 1
7940, 1
7945, 1
7948, 1
7951, 0
7955, 1
7956, 1
7959, 1
7960, 1
7966, 1
7967, 0
7968, 1
7970, 1
7982, 1
7983, 1
7985, 1
7988, 1
7992, 1
7996, 1
7998, 1
8000, 0
8009, 1
8014, 0
8019, 0
8027, 1
8028, 1
8032, 1
8035, 1
8037, 1
8040, 0
8042, 1
8043, 1
8044, 1
8047, 0
8050, 1
8052, 1
8055, 1
8057, 1
8058, 1
8060, 0
8062, 1
8069, 1
8073, 1
8084, 1
8089, 1
8094, 1
8096, 0
8109, 0
8111, 1
8117, 1
8119, 1
8122, 1
8125, 1
8127, 1
8131, 1
8134, 1
8139, 1
8140, 1
8142, 1
8145, 1
8152, 1
8153, 0
8155, 1
8158, 1
8166, 0
8172, 1
8175, 1
8178, 0
8180, 1
8181, 1
8186, 1
8189, 1
8194, 1
8197, 1
8198, 0
8202, 1
8203, 1
8209, 1
8213, 0
8214, 1
8215, 1
8226, 1
8227, 1
8234, 0
8238, 1
8240, 1
8241, 1
8243, 1
8247, 1
8249, 1
8251, 1
8255, 1
8257, 0
8258, 1
8259, 1
8260, 1
8261, 1
8266, 1
8271, 1
8278, 0
8286, 1
8291, 1
8293, 0
8294, 1
8297, 0
8300, 1
8306, 1
8313, 1
8315, 1
8326, 0
8327, 1
8331, 1
8333, 1
8334, 1
8340, 0
8345, 1
8348, 1
8350, 1
8351, 1
8353, 1
8354, 1
8355, 1
8358, 1
8362, 0
8364, 1
8366, 1
8369, 1
8370, 1
8377, 1
8380, 1
8381, 1
8382, 1
8385, 1
8389, 1
8391, 0
8399, 1
8406, 1
8414, 1
8415, 0
8417, 1
8420, 1
8423, 1
8431, 0
8432, 1
8435, 1
8440, 1
8441, 0
8444, 1
8445, 1
8451, 1
8453, 1
8454, 1
8455, 1
8456, 0
8457, 1
8461, 1
8462, 1
8463, 0
8465, 1
8466, 0
8467, 1
8470, 0
8472, 1
8474, 0
8483, 1
8485, 0
8492, 1
8494, 1
8495, 1
8496, 1
8504, 0
8510, 1
8515, 1
8518, 1
8519, 1
8526, 1
8527, 1
8528, 1
8532, 1
8534, 1
8537, 1
8539, 1
8544, 0
8545, 0
8549, 1
8550, 1
8551, 1
8560, 0
8565, 1
8568, 1
8572, 1
8576, 1
8578, 1
8580, 1
8587, 0
8589, 1
8591, 0
8596, 0
8599, 1
8604, 0
8612, 0
8614, 0
8615, 1
8618, 1
8624, 1
8626, 1
8627, 1
8631, 1
8632, 1
8635, 1
8637, 1
8639, 1
8643, 0
8644, 1
8648, 1
8649, 1
8652, 1
8653, 1
8655, 1
8659, 1
8660, 1
8669, 0
8671, 1
8674, 1
8675, 1
8677, 1
8678, 1
8682, 0
8683, 1
8690, 0
8693, 1
8696, 1
8697, 1
8699, 1
8700, 1
8711, 1
8714, 1
8715, 1
8721, 1
8725, 1
8726, 1
8730, 1
8731, 1
8732, 1
8737, 1
8738, 1
8739, 0
8742, 1
8743, 1
8744, 0
8747, 1
8749, 1
8752, 0
8755, 1
8756, 1
8759, 0
8760, 1
8762, 1
8766, 1
8768, 1
8770, 1
8772, 1
8774, 1
8775, 1
8776, 1
8778, 1
8779, 1
8780, 1
8783, 0
8786, 1
8789, 1
8790, 1
8792, 1
8806, 1
8810, 1
8813, 1
8816, 0
8818, 1
8819, 0
8823, 1
8825, 1
8829, 1
8831, 0
8832, 1
8834, 1
8841, 1
8842, 1
8844, 1
8846, 1
8863, 1
8869, 0
8873, 0
8877, 1
8878, 0
8883, 1
8887, 1
8895, 1
8901, 1
8903, 1
8905, 0
8907, 1
8914, 1
8917, 1
8918, 0
8919, 1
8932, 1
8936, 1
8938, 1
8941, 1
8942, 1
8944, 1
8954, 0
8956, 1
8957, 1
8966, 0
8967, 1
8971, 1
8972, 1
8974, 1
8977, 1
8978, 1
8980, 1
8981, 1
8983, 1
8988, 0
8989, 1
8990, 1
8993, 1
8997, 0
9000, 1
9001, 1
9002, 1
9003, 1
9004, 1
9006, 1
9008, 1
9010, 1
9013, 1
9014, 1
9017, 1
9023, 1
9024, 1
9026, 1
9030, 1
9035, 0
9037, 1
9039, 1
9041, 1
9042, 1
9043, 1
9047, 1
9048, 1
9049, 1
9055, 1
9059, 1
9060, 0
9062, 1
9067, 1
9070, 1
9071, 0
9074, 0
9075, 1
9080, 1
9081, 1
9083, 1
9093, 1
9096, 0
9098, 1
9099, 1
9100, 1
9105, 1
9112, 1
9122, 1
9124, 1
9128, 1
9129, 1
9132, 1
9134, 1
9135, 1
9136, 1
9137, 1
9141, 1
9147, 1
9150, 1
9155, 0
9157, 0
9158, 1
9162, 1
9166, 1
9172, 1
9173, 1
9174, 1
9175, 1
9180, 1
9188, 1
9196, 0
9198, 1
9202, 1
9203, 1
9206, 0
9208, 1
9210, 1
9214, 1
9215, 1
9216, 0
9218, 1
9220, 1
9226, 1
9228, 1
9231, 1
9234, 0
9240, 0
9244, 1
9247, 1
9249, 1
9250, 1
9251, 1
9255, 1
9257, 1
9261, 1
9271, 1
9275, 1
9277, 1
9282, 0
9285, 1
9286, 1
9289, 1
9290, 1
9297, 1
9300, 1
9301, 0
9303, 1
9307, 0
9308, 1
9311, 1
9315, 1
9317, 1
9318, 1
9321, 0
9325, 1
9326, 1
9327, 1
9335, 1
9341, 0
9346, 1
9347, 1
9348, 0
9349, 1
9350, 0
9352, 1
9355, 1
9357, 0
9359, 1
9362, 1
9378, 1
9381, 0
9385, 1
9387, 0
9393, 0
9394, 1
9399, 1
9401, 1
9402, 1
9403, 1
9406, 0
9407, 0
9411, 1
9415, 1
9417, 1
9424, 1
9426, 0
9427, 0
9428, 1
9429, 1
9430, 1
9432, 0
9433, 0
9434, 1
9435, 1
9439, 1
9441, 1
9445, 1
9447, 1
9452, 1
9454, 1
9455, 1
9468, 0
9486, 1
9495, 1
9497, 1
9499, 1
9504, 1
9507, 0
9510, 1
9518, 1
9520, 1
9525, 1
9529, 1
9533, 1
9535, 1
9537, 1
9542, 0
9546, 0
9550, 0
9553, 1
9554, 1
9556, 1
9560, 0
9563, 1
9565, 1
9571, 1
9575, 1
9576, 1
9579, 1
9581, 1
9582, 1
9587, 1
9592, 1
9593, 1
9595, 0
9602, 1
9606, 1
9610, 0
9612, 1
9618, 1
9620, 0
9622, 1
9623, 1
9626, 1
9628, 0
9632, 1
9633, 1
9639, 0
9644, 0
9647, 1
9649, 1
9652, 1
9657, 1
9658, 1
9666, 1
9669, 1
9671, 1
9677, 0
9685, 1
9687, 1
9691, 1
9694, 1
9698, 1
9700, 1
9703, 1
9705, 1
9708, 1
9711, 1
9712, 1
9717, 0
9718, 1
9719, 1
9722, 1
9727, 0
9733, 1
9738, 0
9739, 1
9740, 1
9742, 1
9746, 1
9748, 1
9749, 1
9756, 1
9758, 1
9762, 1
9763, 1
9769, 1
9771, 1
9773, 1
9777, 1
9788, 1
9789, 1
9791, 1
9795, 1
9797, 1
9798, 1
9800, 1
9801, 1
9814, 1
9816, 1
9820, 1
9831, 1
9836, 1
9837, 1
9853, 1
9855, 1
9857, 1
9860, 1
9861, 0
9863, 1
9865, 1
9866, 1
9869, 1
9872, 1
9873, 1
9875, 1
9884, 1
9889, 1
9892, 1
9897, 0
9898, 1
9900, 1
9906, 1
9907, 1
9909, 1
9915, 1
9917, 1
9919, 1
9921, 1
9925, 1
9927, 1
9933, 1
9942, 1
9944, 0
9945, 1
9947, 1
9950, 0
9956, 1
9959, 1
9960, 1
9962, 1
9963, 0
9965, 1
9969, 1
9971, 1
9984, 1
9986, 1
9990, 1
9991, 1
9992, 1
9993, 1
9995, 1
9996, 1
10001, 1
10002, 1
10007, 0
10011, 1
10012, 1
10016, 1
10021, 0
10024, 1
10028, 1
10032, 1
10037, 1
10041, 1
10044, 1
10045, 1
10054, 1
10055, 1
10057, 0
10069, 1
10071, 1
10072, 1
10074, 1
10075, 1
10077, 1
10078, 1
10089, 0
10093, 1
10102, 1
10107, 1
10108, 1
10112, 1
10113, 1
10114, 1
10115, 0
10116, 1
10117, 0
10118, 1
10119, 1
10123, 1
10131, 1
10133, 1
10134, 1
10135, 1
10141, 1
10147, 1
10149, 1
10154, 1
10157, 1
10158, 1
10160, 1
10162, 1
10163, 0
10164, 1
10169, 1
10172, 0
10173, 1
10174, 0
10180, 1
10187, 1
10192, 1
10193, 1
10200, 1
10202, 1
10203, 1
10208, 1
10212, 0
10214, 0
10215, 1
10219, 1
10222, 1
10225, 1
10229, 1
10236, 1
10240, 1
10242, 1
10246, 1
10251, 1
10253, 1
10254, 0
10255, 1
10257, 1
10263, 1
10270, 1
10272, 1
10273, 1
10274, 0
10278, 1
10286, 1
10289, 1
10292, 1
10299, 1
10302, 1
10305, 1
10307, 1
10308, 1
10321, 0
10323, 1
10324, 1
10325, 1
10326, 1
10327, 1
10328, 1
10329, 1
10341, 1
10347, 1
10355, 1
10364, 1
10365, 1
10368, 0
10370, 1
10371, 1
10375, 1
10376, 0
10378, 0
10384, 1
10386, 1
10392, 1
10398, 1
10412, 1
10414, 1
10416, 1
10418, 1
10421, 1
10429, 1
10432, 1
10434, 1
10439, 1
10442, 1
10449, 1
10451, 1
10455, 1
10456, 0
10458, 0
10460, 1
10466, 1
10471, 1
10475, 0
10482, 1
10483, 1
10486, 1
10487, 1
10494, 1
10502, 1
10503, 1
10509, 1
10511, 0
10514, 1
10515, 1
10518, 1
10520, 1
10522, 0
10524, 1
10525, 1
10529, 1
10531, 0
10534, 0
10536, 1
10537, 1
10541, 1
10543, 1
10545, 1
10549, 1
10551, 1
10552, 1
10553, 1
10558, 1
10562, 1
10564, 1
10565, 1
10571, 1
10573, 1
10574, 1
10575, 1
10586, 1
10587, 1
10588, 0
10593, 1
10599, 1
10600, 1
10605, 1
10608, 1
10609, 1
10610, 1
10612, 1
10618, 1
10619, 1
10622, 1
10625, 1
10628, 1
10629, 1
10630, 0
10636, 1
10638, 1
10642, 1
10646, 1
10650, 1
10653, 1
10655, 1
10656, 1
10657, 1
10665, 0
10670, 1
10675, 1
10676, 1
10678, 1
10680, 0
10693, 1
10698, 1
10703, 1
10704, 1
10709, 1
10710, 1
10714, 1
10715, 1
10720, 1
10721, 1
10723, 1
10734, 1
10736, 1
10738, 1
10740, 1
10742, 1
10750, 1
10751, 1
10754, 1
10755, 1
10756, 1
10757, 1
10759, 1
10761, 0
10765, 1
10775, 1
10782, 1
10783, 1
10784, 1
10785, 1
10787, 0
10791, 1
10796, 0
10806, 1
10807, 1
10815, 1
10820, 1
10822, 1
10833, 1
10835, 1
10839, 0
10840, 1
10841, 1
10846, 0
10847, 1
10854, 1
10857, 1
10861, 1
10867, 1
10868, 1
10869, 1
10874, 1
10875, 1
10880, 1
10881, 0
10883, 1
10889, 0
10891, 1
10893, 1
10894, 1
10895, 1
10897, 1
10898, 1
10899, 1
10900, 1
10901, 1
10910, 1
10916, 1
10917, 1
10922, 1
10923, 1
10924, 1
10925, 1
10926, 1
10937, 0
10938, 1
10939, 0
10945, 1
10949, 1
10951, 0
10955, 1
10964, 1
10968, 0
10972, 1
10987, 1
10988, 0
10989, 1
11000, 1
11001, 1
11002, 1
11005, 1
11006, 1
11009, 1
11010, 1
11016, 1
11018, 1
11023, 0
11025, 1
11028, 1
11037, 1
11041, 1
11043, 0
11045, 1
11047, 1
11051, 1
11055, 1
11056, 1
11057, 1
11068, 1
11072, 1
11073, 1
11075, 1
11084, 1
11089, 1
11091, 1
11094, 1
11097, 1
11101, 1
11103, 0
11107, 1
11108, 1
11116, 0
11126, 1
11129, 1
11133, 0
11139, 1
11144, 1
11147, 1
11150, 1
11154, 1
11159, 1
11161, 1
11164, 1
11167, 1
11170, 1
11171, 1
11172, 1
11175, 1
11179, 0
11183, 1
11185, 1
11188, 1
11190, 1
11195, 1
11196, 1
11202, 1
11204, 1
11205, 1
11206, 1
11208, 1
11211, 1
11213, 1
11218, 1
11227, 1
11236, 1
11237, 1
11239, 1
11240, 1
11241, 0
11245, 1
11248, 1
11251, 1
11252, 1
11255, 1
11261, 0
11262, 0
11267, 1
11268, 0
11271, 1
11275, 1
11276, 1
11283, 1
11292, 1
11296, 1
11298, 1
11299, 1
11305, 1
11306, 1
11310, 1
11317, 1
11319, 1
11324, 1
11329, 1
11332, 1
11334, 0
11338, 1
11340, 0
11342, 1
11344, 0
11345, 1
11348, 1
11353, 1
11358, 1
11360, 1
11362, 1
11365, 1
11366, 1
11368, 0
11374, 1
11376, 0
11379, 1
11381, 1
11386, 1
11396, 0
11397, 1
11398, 1
11418, 1
11419, 1
11420, 1
11425, 1
11428, 0
11431, 1
11433, 1
11436, 1
11437, 1
11440, 1
11444, 1
11449, 1
11450, 1
11454, 1
11456, 1
11457, 1
11465, 1
11467, 1
11471, 1
11472, 1
11474, 1
11484, 1
11485, 0
11489, 1
11493, 1
11495, 0
11497, 1
11498, 1
11502, 1
11505, 1
11512, 1
11513, 1
11515, 1
11517, 1
11520, 1
11521, 1
11523, 1
11526, 1
11532, 1
11536, 1
11547, 0
11549, 0
11552, 1
11554, 0
11561, 1
11563, 1
11571, 1
11573, 0
11578, 1
11581, 1
11593, 0
11594, 1
11597, 1
11598, 1
11599, 0
11605, 1
11610, 1
11611, 1
11616, 1
11618, 1
11634, 1
11635, 1
11640, 0
11643, 1
11649, 1
11650, 1
11652, 0
11660, 1
11662, 1
11665, 1
11666, 1
11669, 1
11680, 1
11685, 1
11688, 1
11689, 1
11692, 1
11695, 1
11701, 0
11712, 1
11715, 1
11716, 1
11719, 1
11724, 1
11725, 0
11729, 1
11730, 1
11732, 0
11733, 1
11738, 1
11739, 0
11740, 1
11741, 1
11742, 0
11743, 0
11745, 1
11750, 1
11755, 1
11756, 1
11761, 1
11763, 1
11764, 1
11765, 0
11772, 0
11773, 1
11776, 1
11778, 1
11782, 1
11783, 1
11789, 1
11792, 1
11795, 1
11802, 1
11817, 1
11818, 1
11819, 1
11821, 1
11827, 0
11828, 1
11830, 0
11832, 1
11836, 1
11838, 0
11839, 1
11843, 1
11846, 1
11847, 1
11848, 1
11853, 1
11859, 1
11860, 1
11863, 1
11869, 0
11874, 1
11881, 1
11887, 1
11894, 1
11898, 1
11902, 0
11907, 1
11912, 1
11931, 1
11939, 1
11941, 1
11948, 1
11949, 1
11956, 1
11957, 1
11958, 1
11959, 1
11962, 0
11963, 1
11967, 0
11969, 1
11970, 1
11971, 1
11972, 0
11974, 1
11978, 1
11979, 1
11980, 1
11982, 1
11985, 1
11986, 1
11989, 1
11990, 1
11995, 1
11998, 1
12000, 1
12001, 1
12002, 1
12005, 1
12009, 0
12012, 1
12022, 1
12028, 1
12032, 1
12036, 1
12041, 1
12042, 1
12045, 1
12050, 1
12051, 0
12052, 1
12053, 1
12054, 0
12055, 1
12058, 1
12062, 1
12067, 1
12072, 1
12073, 1
12075, 1
12079, 1
12082, 0
12083, 1
12084, 1
12088, 0
12098, 1
12103, 1
12110, 1
12111, 1
12115, 1
12118, 1
12119, 1
12122, 1
12132, 1
12137, 1
12139, 1
12143, 1
12146, 1
12147, 1
12148, 1
12152, 1
12155, 1
12165, 1
12166, 0
12167, 1
12170, 1
12171, 1
12173, 1
12175, 1
12176, 1
12177, 1
12178, 1
12181, 0
12183, 1
12190, 1
12193, 1
12197, 1
12201, 1
12203, 0
12209, 0
12210, 1
12215, 1
12217, 1
12221, 1
12222, 1
12224, 0
12227, 1
12232, 1
12234, 1
12235, 1
12236, 1
12238, 1
12244, 1
12249, 1
12253, 1
12254, 1
12263, 1
12266, 1
12269, 1
12273, 1
12278, 1
12287, 1
12289, 1
12290, 1
12298, 1
12304, 1
12306, 0
12317, 1
12328, 0
12329, 1
12330, 1
12339, 0
12341, 1
12343, 0
12344, 1
12347, 0
12350, 1
12351, 1
12353, 1
12357, 1
12358, 0
12362, 1
12366, 1
12375, 1
12376, 1
12379, 1
12380, 1
12389, 1
12398, 1
12399, 1
12402, 1
12410, 0
12413, 1
12416, 1
12420, 1
12421, 0
12435, 1
12449, 1
12451, 1
12456, 1
12457, 1
12458, 1
12469, 1
12470, 0
12475, 1
12478, 1
12480, 1
12486, 0
12488, 1
12493, 1
12501, 0
12502, 1
12511, 0
12512, 1
12519, 1
12520, 1
12524, 1
12526, 1
12529, 1
12531, 0
12538, 1
12540, 1
12542, 1
12546, 1
12547, 0
12553, 0
12555, 0
12568, 1
12571, 1
12575, 1
12579, 1
12582, 1
12583, 1
12584, 1
12585, 1
12586, 1
12587, 1
12604, 1
12608, 0
12614, 1
12617, 0
12619, 0
12620, 0
12622, 1
12623, 1
12625, 0
12627, 1
12631, 1
12637, 1
12640, 1
12642, 1
12644, 1
12645, 0
12647, 1
12656, 0
12662, 1
12665, 0
12666, 0
12669, 1
12675, 0
12677, 0
12678, 1
12679, 1
12680, 1
12685, 1
12687, 0
12691, 1
12699, 1
12701, 1
12702, 1
12707, 0
12720, 0
12724, 1
12726, 1
12728, 1
12737, 1
12740, 1
12742, 0
12744, 1
12745, 1
12746, 1
12747, 1
12750, 1
12753, 1
12757, 1
12758, 1
12762, 1
12767, 1
12771, 1
12775, 1
12777, 1
12782, 1
12783, 1
12801, 1
12809, 1
12814, 1
12816, 0
12817, 1
12818, 1
12823, 1
12828, 1
12830, 1
12831, 1
12836, 1
12846, 0
12847, 1
12850, 0
12853, 1
12864, 1
12870, 1
12875, 1
12877, 1
12878, 1
12884, 1
12892, 0
12893, 1
12894, 1
12897, 0
12899, 1
12902, 1
12917, 1
12921, 1
12922, 1
12926, 1
12928, 1
12931, 1
12933, 0
12940, 1
12941, 1
12943, 1
12945, 1
12949, 1
12950, 1
12959, 1
12963, 1
12980, 1
12988, 1
12990, 0
13002, 0
13004, 1
13005, 1
13006, 1
13009, 1
13013, 1
13016, 0
13020, 1
13022, 1
13028, 1
13029, 0
13030, 1
13044, 1
13048, 1
13049, 1
13052, 0
13053, 1
13058, 1
13059, 0
13066, 1
13068, 1
13072, 1
13079, 1
13084, 1
13087, 1
13088, 1
13094, 1
13098, 0
13099, 1
13101, 1
13105, 1
13108, 1
13111, 1
13114, 1
13118, 1
13125, 1
13126, 1
13127, 1
13128, 1
13135, 1
13138, 1
13144, 1
13150, 0
13157, 1
13165, 1
13166, 0
13178, 1
13179, 1
13183, 1
13189, 1
13205, 0
13207, 1
13213, 1
13223, 0
13225, 0
13229, 1
13230, 1
13231, 1
13233, 1
13237, 1
13239, 0
13240, 1
13242, 1
13243, 1
13244, 1
13248, 1
13254, 1
13256, 0
13257, 1
13258, 1
13259, 1
13261, 0
13268, 1
13271, 1
13272, 1
13275, 1
13278, 1
13281, 1
13282, 1
13283, 1
13287, 1
13289, 1
13290, 1
13292, 1
13293, 1
13297, 1
13298, 1
13300, 1
13304, 1
13305, 1
13306, 1
13310, 1
13313, 1
13315, 1
13318, 1
13321, 1
13322, 1
13323, 1
13325, 1
13326, 1
13334, 0
13335, 1
13337, 1
13338, 1
13346, 0
13353, 1
13355, 1
13357, 1
13361, 1
13364, 1
13365, 1
13370, 1
13376, 1
13379, 0
13382, 1
13386, 1
13390, 1
13393, 1
13395, 0
13404, 1
13407, 1
13410, 1
13412, 1
13413, 1
13414, 1
13416, 1
13417, 1
13418, 1
13424, 1
13425, 1
13426, 1
13432, 1
13433, 0
13435, 1
13436, 0
13438, 1
13440, 1
13441, 1
13442, 1
13443, 1
13446, 1
13447, 1
13448, 1
13449, 1
13450, 1
13451, 1
13452, 0
13454, 0
13456, 0
13461, 0
13469, 0
13475, 0
13479, 0
13485, 0
13488, 0
13497, 0
13499, 0
13502, 0
13503, 0
13506, 0
13510, 0
13514, 0
13520, 0
13521, 0
13524, 0
13526, 0
13527, 0
13535, 0
13538, 0
13547, 0
13550, 0
13553, 0
13566, 0
13567, 0
13568, 0
13571, 0
13572, 0
13575, 0
13576, 0
13582, 0
13587, 0
13591, 0
13592, 0
13597, 0
13601, 0
13609, 0
13613, 0
13614, 0
13617, 0
13625, 0
13628, 0
13629, 0
13634, 0
13637, 0
13638, 0
13639, 0
13643, 0
13654, 0
13660, 0
13664, 0
13666, 0
13673, 0
13674, 0
13675, 0
13676, 0
13678, 0
13684, 0
13690, 0
13691, 0
13692, 0
13699, 0
13702, 0
13703, 0
13704, 0
13707, 0
13709, 0
13711, 0
13712, 0
13714, 0
13718, 0
13722, 0
13732, 0
13734, 0
13735, 0
13739, 0
13740, 0
13748, 0
13753, 0
13754, 0
13759, 0
13760, 0
13762, 0
13764, 0
13768, 0
13775, 0
13776, 0
13779, 0
13785, 0
13790, 0
13791, 0
13794, 0
13796, 0
13798, 0
13800, 0
13801, 0
13803, 0
13804, 0
13805, 0
13809, 0
13811, 0
13813, 0
13814, 0
13815, 0
13824, 0
13830, 0
13837, 0
13842, 0
13846, 0
13847, 0
13848, 0
13850, 0
13855, 0
13859, 0
13860, 0
13861, 0
13864, 0
13865, 0
13866, 0
13870, 0
13871, 0
13879, 0
13882, 0
13884, 0
13886, 0
13888, 0
13901, 0
13902, 0
13903, 0
13918, 0
13919, 0
13920, 0
13923, 0
13927, 0
13928, 0
13931, 0
13932, 0
13933, 0
13935, 0
13943, 0
13945, 0
13947, 0
13952, 0
13953, 0
13964, 0
13968, 0
13971, 0
13979, 0
13984, 0
13985, 0
13997, 0
13999, 0
14004, 0
14006, 0
14007, 0
14008, 0
14011, 0
14018, 0
14023, 0
14028, 0
14042, 0
14043, 0
14047, 0
14056, 0
14059, 0
14065, 0
14070, 0
14071, 0
14073, 0
14079, 0
14082, 0
14086, 0
14089, 0
14093, 0
14102, 0
14107, 0
14108, 0
14112, 0
14113, 0
14116, 0
14122, 0
14126, 0
14127, 0
14128, 0
14132, 0
14133, 0
14142, 0
14143, 0
14146, 0
14148, 0
14151, 0
14153, 0
14157, 0
14160, 0
14166, 0
14170, 0
14172, 0
14173, 0
14177, 0
14179, 0
14180, 0
14181, 0
14185, 0
14187, 0
14191, 0
14192, 0
14199, 0
14203, 0
14204, 0
14207, 0
14208, 0
14209, 0
14211, 0
14213, 0
14217, 0
14219, 0
14221, 0
14223, 0
14227, 0
14228, 0
14230, 0
14231, 0
14234, 0
14242, 0
14248, 0
14252, 0
14255, 0
14256, 0
14260, 0
14262, 0
14263, 0
14264, 0
14266, 0
14270, 0
14273, 0
14277, 0
14278, 0
14281, 0
14289, 0
14293, 0
14298, 0
14299, 0
14303, 0
14305, 0
14308, 0
14311, 0
14316, 0
14322, 0
14331, 0
14334, 0
14335, 0
14336, 0
14340, 0
14341, 0
14342, 0
14345, 0
14346, 0
14347, 0
14348, 0
14357, 0
14358, 0
14361, 0
14363, 0
14366, 0
14370, 0
14372, 0
14378, 0
14381, 0
14383, 0
14387, 0
14392, 0
14394, 0
14396, 0
14397, 0
14404, 0
14405, 0
14406, 0
14410, 0
14414, 0
14418, 0
14419, 0
14429, 0
14439, 0
14441, 0
14443, 0
14445, 0
14450, 0
14451, 0
14452, 0
14453, 0
14455, 0
14459, 0
14466, 0
14470, 0
14474, 0
14475, 0
14477, 0
14478, 0
14481, 0
14484, 0
14485, 0
14487, 0
14488, 0
14489, 0
14490, 0
14492, 0
14494, 0
14500, 0
14507, 0
14511, 0
14512, 0
14516, 0
14519, 0
14522, 0
14523, 0
14530, 0
14532, 0
14533, 0
14536, 0
14540, 0
14541, 0
14545, 0
14547, 0
14550, 0
14555, 0
14556, 0
14559, 0
14566, 0
14571, 0
14573, 0
14583, 0
14585, 0
14590, 0
14591, 0
14592, 0
14593, 0
14600, 0
14604, 0
14607, 0
14610, 0
14615, 0
14620, 0
14630, 0
14637, 0
14640, 0
14643, 0
14646, 0
14647, 0
14648, 0
14649, 0
14650, 0
14653, 0
14657, 0
14658, 0
14659, 0
14662, 0
14667, 0
14671, 0
14677, 0
14679, 0
14680, 0
14682, 0
14689, 0
14691, 0
14693, 0
14694, 0
14696, 0
14703, 0
14706, 0
14714, 0
14715, 0
14718, 0
14723, 0
14731, 0
14737, 0
14741, 0
14749, 0
14751, 0
14752, 0
14758, 0
14760, 0
14766, 0
14767, 0
14770, 0
14775, 0
14786, 0
14793, 0
14796, 0
14799, 0
14800, 0
14801, 0
14804, 0
14805, 0
14812, 0
14821, 0
14822, 0
14824, 0
14825, 0
14826, 0
14830, 0
14832, 0
14834, 0
14835, 0
14837, 0
14842, 0
14844, 0
14846, 0
14851, 0
14852, 0
14854, 0
14855, 0
14859, 0
14861, 0
14862, 0
14866, 0
14878, 0
14879, 0
14886, 0
14887, 0
14891, 0
14892, 0
14893, 0
14895, 0
14896, 0
14901, 0
14902, 0
14904, 0
14907, 0
